[ {
  "team_id" : 746,
  "team_name" : "Manchester City WFC",
  "lineup" : [ {
    "player_id" : 4637,
    "player_name" : "Ellie Roebuck",
    "player_nickname" : null,
    "birth_date" : "1999-09-23",
    "player_gender" : "female",
    "player_height" : 174.0,
    "player_weight" : 58.0,
    "jersey_number" : 1,
    "country" : {
      "id" : 68,
      "name" : "England"
    },
    "positions" : [ {
      "position_id" : 1,
      "position" : "Goalkeeper",
      "from" : "00:00:00.000",
      "to" : null,
      "from_period" : 1,
      "to_period" : null,
      "start_reason" : "Starting XI",
      "end_reason" : "Final Whistle"
    } ],
    "stats" : {
      "own_goals" : 0,
      "goals" : 0,
      "assists" : 0,
      "penalties_scored" : 0,
      "penalties_missed" : 0,
      "penalties_saved" : 0
    }
  }, {
    "player_id" : 6818,
    "player_name" : "Hayley Emma Raso",
    "player_nickname" : null,
    "birth_date" : "1994-09-05",
    "player_gender" : "female",
    "player_height" : 161.0,
    "player_weight" : 60.0,
    "jersey_number" : 13,
    "country" : {
      "id" : 14,
      "name" : "Australia"
    },
    "positions" : [ {
      "position_id" : 17,
      "position" : "Right Wing",
      "from" : "01:30:29.931",
      "to" : null,
      "from_period" : 2,
      "to_period" : null,
      "start_reason" : "Substitution - On (Tactical)",
      "end_reason" : "Final Whistle",
      "counterpart_id" : 15570,
      "counterpart_name" : "Chloe Kelly"
    } ],
    "stats" : {
      "own_goals" : 0,
      "goals" : 0,
      "assists" : 0,
      "penalties_scored" : 0,
      "penalties_missed" : 0,
      "penalties_saved" : 0
    }
  }, {
    "player_id" : 10163,
    "player_name" : "Leila Ouahabi El Ouahabi",
    "player_nickname" : "Leila Ouahabi",
    "birth_date" : "1993-03-22",
    "player_gender" : "female",
    "player_height" : 171.0,
    "player_weight" : 58.0,
    "jersey_number" : 15,
    "country" : {
      "id" : 214,
      "name" : "Spain"
    },
    "positions" : [ ],
    "stats" : [ ]
  }, {
    "player_id" : 10185,
    "player_name" : "Stephanie Houghton",
    "player_nickname" : null,
    "birth_date" : "1988-04-23",
    "player_gender" : "female",
    "player_height" : 174.0,
    "player_weight" : 60.0,
    "jersey_number" : 6,
    "country" : {
      "id" : 68,
      "name" : "England"
    },
    "positions" : [ {
      "position_id" : 3,
      "position" : "Right Center Back",
      "from" : "00:00:00.000",
      "to" : "01:11:31.624",
      "from_period" : 1,
      "to_period" : 2,
      "start_reason" : "Starting XI",
      "end_reason" : "Player Off"
    }, {
      "position_id" : 3,
      "position" : "Right Center Back",
      "from" : "01:11:46.595",
      "to" : null,
      "from_period" : 2,
      "to_period" : null,
      "start_reason" : "Player On",
      "end_reason" : "Final Whistle"
    } ],
    "stats" : {
      "own_goals" : 0,
      "goals" : 0,
      "assists" : 0,
      "penalties_scored" : 0,
      "penalties_missed" : 0,
      "penalties_saved" : 0
    }
  }, {
    "player_id" : 10252,
    "player_name" : "Alex Greenwood",
    "player_nickname" : null,
    "birth_date" : "1993-09-07",
    "player_gender" : "female",
    "player_height" : 168.0,
    "player_weight" : 62.0,
    "jersey_number" : 5,
    "country" : {
      "id" : 68,
      "name" : "England"
    },
    "positions" : [ {
      "position_id" : 5,
      "position" : "Left Center Back",
      "from" : "00:00:00.000",
      "to" : null,
      "from_period" : 1,
      "to_period" : null,
      "start_reason" : "Starting XI",
      "end_reason" : "Final Whistle"
    } ],
    "stats" : {
      "own_goals" : 0,
      "goals" : 0,
      "assists" : 0,
      "penalties_scored" : 0,
      "penalties_missed" : 0,
      "penalties_saved" : 0
    }
  }, {
    "player_id" : 15555,
    "player_name" : "Lauren Hemp",
    "player_nickname" : null,
    "birth_date" : "2000-08-07",
    "player_gender" : "female",
    "player_height" : 163.0,
    "player_weight" : 50.0,
    "jersey_number" : 11,
    "country" : {
      "id" : 68,
      "name" : "England"
    },
    "positions" : [ {
      "position_id" : 21,
      "position" : "Left Wing",
      "from" : "00:00:00.000",
      "to" : null,
      "from_period" : 1,
      "to_period" : null,
      "start_reason" : "Starting XI",
      "end_reason" : "Final Whistle"
    } ],
    "stats" : {
      "own_goals" : 0,
      "goals" : 1,
      "assists" : 0,
      "penalties_scored" : 0,
      "penalties_missed" : 0,
      "penalties_saved" : 0
    }
  }, {
    "player_id" : 15570,
    "player_name" : "Chloe Kelly",
    "player_nickname" : null,
    "birth_date" : "1998-01-15",
    "player_gender" : "female",
    "player_height" : 168.0,
    "player_weight" : 59.0,
    "jersey_number" : 9,
    "country" : {
      "id" : 68,
      "name" : "England"
    },
    "positions" : [ {
      "position_id" : 17,
      "position" : "Right Wing",
      "from" : "00:00:00.000",
      "to" : "01:30:29.931",
      "from_period" : 1,
      "to_period" : 2,
      "start_reason" : "Starting XI",
      "end_reason" : "Substitution - Off (Tactical)",
      "counterpart_id" : 6818,
      "counterpart_name" : "Hayley Emma Raso"
    } ],
    "stats" : {
      "own_goals" : 0,
      "goals" : 1,
      "assists" : 1,
      "penalties_scored" : 0,
      "penalties_missed" : 0,
      "penalties_saved" : 0
    }
  }, {
    "player_id" : 19416,
    "player_name" : "Laura Coombs",
    "player_nickname" : null,
    "birth_date" : "1991-01-29",
    "player_gender" : "female",
    "player_height" : 162.0,
    "player_weight" : null,
    "jersey_number" : 7,
    "country" : {
      "id" : 68,
      "name" : "England"
    },
    "positions" : [ {
      "position_id" : 15,
      "position" : "Left Center Midfield",
      "from" : "00:00:00.000",
      "to" : null,
      "from_period" : 1,
      "to_period" : null,
      "start_reason" : "Starting XI",
      "end_reason" : "Final Whistle"
    } ],
    "stats" : {
      "own_goals" : 0,
      "goals" : 0,
      "assists" : 0,
      "penalties_scored" : 0,
      "penalties_missed" : 0,
      "penalties_saved" : 0
    }
  }, {
    "player_id" : 25554,
    "player_name" : "Khadija Monifa Shaw",
    "player_nickname" : null,
    "birth_date" : "1997-01-31",
    "player_gender" : "female",
    "player_height" : 182.0,
    "player_weight" : null,
    "jersey_number" : 21,
    "country" : {
      "id" : 113,
      "name" : "Jamaica"
    },
    "positions" : [ {
      "position_id" : 23,
      "position" : "Center Forward",
      "from" : "00:00:00.000",
      "to" : "00:33:32.838",
      "from_period" : 1,
      "to_period" : 1,
      "start_reason" : "Starting XI",
      "end_reason" : "Player Off"
    }, {
      "position_id" : 23,
      "position" : "Center Forward",
      "from" : "00:34:35.225",
      "to" : null,
      "from_period" : 1,
      "to_period" : null,
      "start_reason" : "Player On (Off Camera)",
      "end_reason" : "Final Whistle"
    } ],
    "stats" : {
      "own_goals" : 0,
      "goals" : 0,
      "assists" : 1,
      "penalties_scored" : 0,
      "penalties_missed" : 0,
      "penalties_saved" : 0
    }
  }, {
    "player_id" : 25632,
    "player_name" : "Yui Hasegawa",
    "player_nickname" : null,
    "birth_date" : "1997-01-29",
    "player_gender" : "female",
    "player_height" : 154.0,
    "player_weight" : null,
    "jersey_number" : 25,
    "country" : {
      "id" : 114,
      "name" : "Japan"
    },
    "positions" : [ {
      "position_id" : 10,
      "position" : "Center Defensive Midfield",
      "from" : "00:00:00.000",
      "to" : null,
      "from_period" : 1,
      "to_period" : null,
      "start_reason" : "Starting XI",
      "end_reason" : "Final Whistle"
    } ],
    "stats" : {
      "own_goals" : 0,
      "goals" : 0,
      "assists" : 0,
      "penalties_scored" : 0,
      "penalties_missed" : 0,
      "penalties_saved" : 0
    }
  }, {
    "player_id" : 32210,
    "player_name" : "Laia Aleixandri López",
    "player_nickname" : "Laia Aleixandri",
    "birth_date" : "2000-08-25",
    "player_gender" : "female",
    "player_height" : 170.0,
    "player_weight" : 55.0,
    "jersey_number" : 4,
    "country" : {
      "id" : 214,
      "name" : "Spain"
    },
    "positions" : [ {
      "position_id" : 6,
      "position" : "Left Back",
      "from" : "00:00:00.000",
      "to" : null,
      "from_period" : 1,
      "to_period" : null,
      "start_reason" : "Starting XI",
      "end_reason" : "Final Whistle"
    } ],
    "stats" : {
      "own_goals" : 0,
      "goals" : 0,
      "assists" : 0,
      "penalties_scored" : 0,
      "penalties_missed" : 0,
      "penalties_saved" : 0
    }
  }, {
    "player_id" : 34360,
    "player_name" : "Alexandra MacIver",
    "player_nickname" : null,
    "birth_date" : "1998-06-18",
    "player_gender" : "female",
    "player_height" : 176.0,
    "player_weight" : null,
    "jersey_number" : 22,
    "country" : {
      "id" : 68,
      "name" : "England"
    },
    "positions" : [ ],
    "stats" : [ ]
  }, {
    "player_id" : 35693,
    "player_name" : "Mary Boio Fowler",
    "player_nickname" : null,
    "birth_date" : "2003-02-14",
    "player_gender" : "female",
    "player_height" : 171.0,
    "player_weight" : 66.0,
    "jersey_number" : 8,
    "country" : {
      "id" : 14,
      "name" : "Australia"
    },
    "positions" : [ ],
    "stats" : [ ]
  }, {
    "player_id" : 49938,
    "player_name" : "Deyna Cristina Castellanos Naujenis",
    "player_nickname" : null,
    "birth_date" : "1999-04-18",
    "player_gender" : "female",
    "player_height" : 170.0,
    "player_weight" : 58.0,
    "jersey_number" : 10,
    "country" : {
      "id" : 246,
      "name" : "Venezuela (Bolivarian Republic)"
    },
    "positions" : [ ],
    "stats" : [ ]
  }, {
    "player_id" : 62666,
    "player_name" : "Ingrid Filippa Angeldal",
    "player_nickname" : null,
    "birth_date" : "1997-07-14",
    "player_gender" : "female",
    "player_height" : 170.0,
    "player_weight" : 69.0,
    "jersey_number" : 12,
    "country" : {
      "id" : 220,
      "name" : "Sweden"
    },
    "positions" : [ {
      "position_id" : 13,
      "position" : "Right Center Midfield",
      "from" : "00:00:00.000",
      "to" : null,
      "from_period" : 1,
      "to_period" : null,
      "start_reason" : "Starting XI",
      "end_reason" : "Final Whistle"
    } ],
    "stats" : {
      "own_goals" : 0,
      "goals" : 0,
      "assists" : 0,
      "penalties_scored" : 0,
      "penalties_missed" : 0,
      "penalties_saved" : 0
    }
  }, {
    "player_id" : 191851,
    "player_name" : "Julie Blakstad",
    "player_nickname" : null,
    "birth_date" : "2001-08-27",
    "player_gender" : "female",
    "player_height" : 177.0,
    "player_weight" : null,
    "jersey_number" : 41,
    "country" : {
      "id" : 171,
      "name" : "Norway"
    },
    "positions" : [ ],
    "stats" : [ ]
  }, {
    "player_id" : 221888,
    "player_name" : "Kerstin Yasmijn Casparij",
    "player_nickname" : null,
    "birth_date" : "2000-08-19",
    "player_gender" : "female",
    "player_height" : null,
    "player_weight" : null,
    "jersey_number" : 2,
    "country" : {
      "id" : 160,
      "name" : "Netherlands"
    },
    "positions" : [ {
      "position_id" : 2,
      "position" : "Right Back",
      "from" : "00:00:00.000",
      "to" : null,
      "from_period" : 1,
      "to_period" : null,
      "start_reason" : "Starting XI",
      "end_reason" : "Final Whistle"
    } ],
    "stats" : {
      "own_goals" : 0,
      "goals" : 0,
      "assists" : 0,
      "penalties_scored" : 0,
      "penalties_missed" : 0,
      "penalties_saved" : 0
    }
  } ],
  "formations" : [ {
    "period" : 1,
    "timestamp" : "00:00:00.000",
    "reason" : "Starting XI",
    "formation" : 433
  } ],
  "events" : [ {
    "period" : 1,
    "timestamp" : "00:00:00.000",
    "type" : "Half Start"
  }, {
    "player_id" : 15570,
    "player_name" : "Chloe Kelly",
    "period" : 1,
    "timestamp" : "00:03:04.132",
    "type" : "Low Pass",
    "outcome" : "Assist"
  }, {
    "player_id" : 15555,
    "player_name" : "Lauren Hemp",
    "period" : 1,
    "timestamp" : "00:03:05.915",
    "type" : "Shot",
    "outcome" : "Goal"
  }, {
    "player_id" : 25554,
    "player_name" : "Khadija Monifa Shaw",
    "period" : 1,
    "timestamp" : "00:42:32.517",
    "type" : "Ground Pass",
    "outcome" : "Assist"
  }, {
    "player_id" : 15570,
    "player_name" : "Chloe Kelly",
    "period" : 1,
    "timestamp" : "00:42:34.224",
    "type" : "Shot",
    "outcome" : "Goal"
  }, {
    "period" : 1,
    "timestamp" : "00:51:05.436",
    "type" : "Half End"
  }, {
    "period" : 2,
    "timestamp" : "00:45:00.000",
    "type" : "Half Start"
  }, {
    "player_id" : 10252,
    "player_name" : "Alex Greenwood",
    "period" : 2,
    "timestamp" : "00:55:07.125",
    "type" : "Foul Committed",
    "outcome" : "Yellow Card"
  }, {
    "player_id" : 15555,
    "player_name" : "Lauren Hemp",
    "period" : 2,
    "timestamp" : "00:57:34.416",
    "type" : "Bad Behaviour",
    "outcome" : "Yellow Card"
  }, {
    "period" : 2,
    "timestamp" : "01:34:54.982",
    "type" : "Half End"
  } ]
}, {
  "team_id" : 968,
  "team_name" : "Arsenal WFC",
  "lineup" : [ {
    "player_id" : 5000,
    "player_name" : "Stephanie-Elise Catley",
    "player_nickname" : null,
    "birth_date" : "1994-01-26",
    "player_gender" : "female",
    "player_height" : 171.0,
    "player_weight" : 60.0,
    "jersey_number" : 7,
    "country" : {
      "id" : 14,
      "name" : "Australia"
    },
    "positions" : [ {
      "position_id" : 8,
      "position" : "Left Wing Back",
      "from" : "00:00:00.000",
      "to" : "00:45:00.000",
      "from_period" : 1,
      "to_period" : 2,
      "start_reason" : "Starting XI",
      "end_reason" : "Tactical Shift"
    }, {
      "position_id" : 6,
      "position" : "Left Back",
      "from" : "00:45:00.000",
      "to" : null,
      "from_period" : 2,
      "to_period" : null,
      "start_reason" : "Tactical Shift",
      "end_reason" : "Final Whistle"
    } ],
    "stats" : {
      "own_goals" : 0,
      "goals" : 0,
      "assists" : 0,
      "penalties_scored" : 0,
      "penalties_missed" : 0,
      "penalties_saved" : 0
    }
  }, {
    "player_id" : 5102,
    "player_name" : "Sabrina D’Angelo",
    "player_nickname" : null,
    "birth_date" : "1993-05-11",
    "player_gender" : "female",
    "player_height" : 173.0,
    "player_weight" : 69.0,
    "jersey_number" : 14,
    "country" : {
      "id" : 40,
      "name" : "Canada"
    },
    "positions" : [ ],
    "stats" : [ ]
  }, {
    "player_id" : 10229,
    "player_name" : "Emma Stina Blackstenius",
    "player_nickname" : null,
    "birth_date" : "1996-02-05",
    "player_gender" : "female",
    "player_height" : 174.0,
    "player_weight" : 72.0,
    "jersey_number" : 25,
    "country" : {
      "id" : 220,
      "name" : "Sweden"
    },
    "positions" : [ {
      "position_id" : 23,
      "position" : "Center Forward",
      "from" : "00:00:00.000",
      "to" : "00:45:00.000",
      "from_period" : 1,
      "to_period" : 2,
      "start_reason" : "Starting XI",
      "end_reason" : "Tactical Shift"
    }, {
      "position_id" : 22,
      "position" : "Right Center Forward",
      "from" : "00:45:00.000",
      "to" : "01:11:13.076",
      "from_period" : 2,
      "to_period" : 2,
      "start_reason" : "Tactical Shift",
      "end_reason" : "Player Off"
    }, {
      "position_id" : 22,
      "position" : "Right Center Forward",
      "from" : "01:11:42.799",
      "to" : "01:20:19.678",
      "from_period" : 2,
      "to_period" : 2,
      "start_reason" : "Player On",
      "end_reason" : "Substitution - Off (Tactical)",
      "counterpart_id" : 45294,
      "counterpart_name" : "Giovana Queiroz Costa"
    } ],
    "stats" : {
      "own_goals" : 0,
      "goals" : 0,
      "assists" : 0,
      "penalties_scored" : 0,
      "penalties_missed" : 0,
      "penalties_saved" : 0
    }
  }, {
    "player_id" : 10237,
    "player_name" : "Manuela Zinsberger",
    "player_nickname" : null,
    "birth_date" : "1995-10-19",
    "player_gender" : "female",
    "player_height" : 177.0,
    "player_weight" : 70.0,
    "jersey_number" : 1,
    "country" : {
      "id" : 15,
      "name" : "Austria"
    },
    "positions" : [ {
      "position_id" : 1,
      "position" : "Goalkeeper",
      "from" : "00:00:00.000",
      "to" : null,
      "from_period" : 1,
      "to_period" : null,
      "start_reason" : "Starting XI",
      "end_reason" : "Final Whistle"
    } ],
    "stats" : {
      "own_goals" : 0,
      "goals" : 0,
      "assists" : 0,
      "penalties_scored" : 0,
      "penalties_missed" : 0,
      "penalties_saved" : 0
    }
  }, {
    "player_id" : 10404,
    "player_name" : "Noelle Maritz",
    "player_nickname" : null,
    "birth_date" : "1995-12-23",
    "player_gender" : "female",
    "player_height" : 165.0,
    "player_weight" : 58.0,
    "jersey_number" : 16,
    "country" : {
      "id" : 221,
      "name" : "Switzerland"
    },
    "positions" : [ {
      "position_id" : 7,
      "position" : "Right Wing Back",
      "from" : "00:00:00.000",
      "to" : "00:45:00.000",
      "from_period" : 1,
      "to_period" : 2,
      "start_reason" : "Starting XI",
      "end_reason" : "Tactical Shift"
    }, {
      "position_id" : 2,
      "position" : "Right Back",
      "from" : "00:45:00.000",
      "to" : "01:20:06.019",
      "from_period" : 2,
      "to_period" : 2,
      "start_reason" : "Tactical Shift",
      "end_reason" : "Substitution - Off (Tactical)",
      "counterpart_id" : 46973,
      "counterpart_name" : "Laura Wienroither"
    } ],
    "stats" : {
      "own_goals" : 0,
      "goals" : 0,
      "assists" : 0,
      "penalties_scored" : 0,
      "penalties_missed" : 0,
      "penalties_saved" : 0
    }
  }, {
    "player_id" : 10405,
    "player_name" : "Lia Wälti",
    "player_nickname" : null,
    "birth_date" : "1993-04-19",
    "player_gender" : "female",
    "player_height" : 168.0,
    "player_weight" : 56.0,
    "jersey_number" : 13,
    "country" : {
      "id" : 221,
      "name" : "Switzerland"
    },
    "positions" : [ {
      "position_id" : 11,
      "position" : "Left Defensive Midfield",
      "from" : "00:45:00.000",
      "to" : "00:45:00.000",
      "from_period" : 2,
      "to_period" : 2,
      "start_reason" : "Tactical Shift",
      "end_reason" : "Substitution - On (Tactical)",
      "counterpart_id" : 10405,
      "counterpart_name" : "Lia Wälti"
    }, {
      "position_id" : 4,
      "position" : "Center Back",
      "from" : "00:45:00.000",
      "to" : null,
      "from_period" : 2,
      "to_period" : null,
      "start_reason" : "Substitution - On (Tactical)",
      "end_reason" : "Final Whistle",
      "counterpart_id" : 49697,
      "counterpart_name" : "Carlotte Wubben-Moy"
    } ],
    "stats" : {
      "own_goals" : 0,
      "goals" : 0,
      "assists" : 0,
      "penalties_scored" : 0,
      "penalties_missed" : 0,
      "penalties_saved" : 0
    }
  }, {
    "player_id" : 10516,
    "player_name" : "Frida Maanum",
    "player_nickname" : null,
    "birth_date" : "1999-07-16",
    "player_gender" : "female",
    "player_height" : 173.0,
    "player_weight" : 58.0,
    "jersey_number" : 12,
    "country" : {
      "id" : 171,
      "name" : "Norway"
    },
    "positions" : [ {
      "position_id" : 11,
      "position" : "Left Defensive Midfield",
      "from" : "00:00:00.000",
      "to" : "00:45:00.000",
      "from_period" : 1,
      "to_period" : 2,
      "start_reason" : "Starting XI",
      "end_reason" : "Tactical Shift"
    }, {
      "position_id" : 24,
      "position" : "Left Center Forward",
      "from" : "00:45:00.000",
      "to" : null,
      "from_period" : 2,
      "to_period" : null,
      "start_reason" : "Tactical Shift",
      "end_reason" : "Final Whistle"
    } ],
    "stats" : {
      "own_goals" : 0,
      "goals" : 0,
      "assists" : 1,
      "penalties_scored" : 0,
      "penalties_missed" : 0,
      "penalties_saved" : 0
    }
  }, {
    "player_id" : 11338,
    "player_name" : "Caitlin Jade Foord",
    "player_nickname" : null,
    "birth_date" : "1994-11-11",
    "player_gender" : "female",
    "player_height" : 169.0,
    "player_weight" : 61.0,
    "jersey_number" : 19,
    "country" : {
      "id" : 14,
      "name" : "Australia"
    },
    "positions" : [ {
      "position_id" : 21,
      "position" : "Left Wing",
      "from" : "00:00:00.000",
      "to" : "00:45:00.000",
      "from_period" : 1,
      "to_period" : 2,
      "start_reason" : "Starting XI",
      "end_reason" : "Substitution - Off (Tactical)",
      "counterpart_id" : 15620,
      "counterpart_name" : "Katie McCabe"
    } ],
    "stats" : {
      "own_goals" : 0,
      "goals" : 0,
      "assists" : 0,
      "penalties_scored" : 0,
      "penalties_missed" : 0,
      "penalties_saved" : 0
    }
  }, {
    "player_id" : 15616,
    "player_name" : "Kim Little",
    "player_nickname" : null,
    "birth_date" : "1990-06-29",
    "player_gender" : "female",
    "player_height" : 162.0,
    "player_weight" : 60.0,
    "jersey_number" : 10,
    "country" : {
      "id" : 201,
      "name" : "Scotland"
    },
    "positions" : [ {
      "position_id" : 9,
      "position" : "Right Defensive Midfield",
      "from" : "00:00:00.000",
      "to" : "00:51:34.793",
      "from_period" : 1,
      "to_period" : 2,
      "start_reason" : "Starting XI",
      "end_reason" : "Player Off"
    }, {
      "position_id" : 9,
      "position" : "Right Defensive Midfield",
      "from" : "00:52:17.135",
      "to" : null,
      "from_period" : 2,
      "to_period" : null,
      "start_reason" : "Player On",
      "end_reason" : "Final Whistle"
    } ],
    "stats" : {
      "own_goals" : 0,
      "goals" : 0,
      "assists" : 0,
      "penalties_scored" : 0,
      "penalties_missed" : 0,
      "penalties_saved" : 0
    }
  }, {
    "player_id" : 15620,
    "player_name" : "Katie McCabe",
    "player_nickname" : null,
    "birth_date" : "1995-09-21",
    "player_gender" : "female",
    "player_height" : 164.0,
    "player_weight" : 55.0,
    "jersey_number" : 15,
    "country" : {
      "id" : 109,
      "name" : "Ireland"
    },
    "positions" : [ {
      "position_id" : 12,
      "position" : "Right Midfield",
      "from" : "00:45:00.000",
      "to" : "00:45:00.000",
      "from_period" : 2,
      "to_period" : 2,
      "start_reason" : "Tactical Shift",
      "end_reason" : "Substitution - On (Tactical)",
      "counterpart_id" : 15620,
      "counterpart_name" : "Katie McCabe"
    }, {
      "position_id" : 21,
      "position" : "Left Wing",
      "from" : "00:45:00.000",
      "to" : null,
      "from_period" : 2,
      "to_period" : null,
      "start_reason" : "Substitution - On (Tactical)",
      "end_reason" : "Final Whistle",
      "counterpart_id" : 11338,
      "counterpart_name" : "Caitlin Jade Foord"
    } ],
    "stats" : {
      "own_goals" : 0,
      "goals" : 0,
      "assists" : 0,
      "penalties_scored" : 0,
      "penalties_missed" : 0,
      "penalties_saved" : 0
    }
  }, {
    "player_id" : 17524,
    "player_name" : "Jennifer Patricia Beattie",
    "player_nickname" : null,
    "birth_date" : "1991-05-13",
    "player_gender" : "female",
    "player_height" : 177.0,
    "player_weight" : 78.0,
    "jersey_number" : 5,
    "country" : {
      "id" : 201,
      "name" : "Scotland"
    },
    "positions" : [ ],
    "stats" : [ ]
  }, {
    "player_id" : 18999,
    "player_name" : "Leah Williamson",
    "player_nickname" : null,
    "birth_date" : "1997-03-29",
    "player_gender" : "female",
    "player_height" : 170.0,
    "player_weight" : 63.0,
    "jersey_number" : 6,
    "country" : {
      "id" : 68,
      "name" : "England"
    },
    "positions" : [ {
      "position_id" : 3,
      "position" : "Right Center Back",
      "from" : "00:00:00.000",
      "to" : null,
      "from_period" : 1,
      "to_period" : null,
      "start_reason" : "Starting XI",
      "end_reason" : "Final Whistle"
    } ],
    "stats" : {
      "own_goals" : 0,
      "goals" : 0,
      "assists" : 0,
      "penalties_scored" : 0,
      "penalties_missed" : 0,
      "penalties_saved" : 0
    }
  }, {
    "player_id" : 25697,
    "player_name" : "Lina Mona Andréa Hurtig",
    "player_nickname" : null,
    "birth_date" : "1995-09-05",
    "player_gender" : "female",
    "player_height" : 180.0,
    "player_weight" : 51.0,
    "jersey_number" : 17,
    "country" : {
      "id" : 220,
      "name" : "Sweden"
    },
    "positions" : [ ],
    "stats" : [ ]
  }, {
    "player_id" : 40985,
    "player_name" : "Kaylan Marckese",
    "player_nickname" : null,
    "birth_date" : "1998-04-22",
    "player_gender" : "female",
    "player_height" : 180.0,
    "player_weight" : 59.0,
    "jersey_number" : 18,
    "country" : {
      "id" : 241,
      "name" : "United States of America"
    },
    "positions" : [ ],
    "stats" : [ ]
  }, {
    "player_id" : 45294,
    "player_name" : "Giovana Queiroz Costa",
    "player_nickname" : "Gio",
    "birth_date" : "2003-06-21",
    "player_gender" : "female",
    "player_height" : 167.0,
    "player_weight" : null,
    "jersey_number" : 20,
    "country" : {
      "id" : 31,
      "name" : "Brazil"
    },
    "positions" : [ {
      "position_id" : 22,
      "position" : "Right Center Forward",
      "from" : "01:20:19.678",
      "to" : null,
      "from_period" : 2,
      "to_period" : null,
      "start_reason" : "Substitution - On (Tactical)",
      "end_reason" : "Final Whistle",
      "counterpart_id" : 10229,
      "counterpart_name" : "Emma Stina Blackstenius"
    } ],
    "stats" : {
      "own_goals" : 0,
      "goals" : 0,
      "assists" : 0,
      "penalties_scored" : 0,
      "penalties_missed" : 0,
      "penalties_saved" : 0
    }
  }, {
    "player_id" : 46973,
    "player_name" : "Laura Wienroither",
    "player_nickname" : null,
    "birth_date" : "1999-01-13",
    "player_gender" : "female",
    "player_height" : 165.0,
    "player_weight" : 56.0,
    "jersey_number" : 26,
    "country" : {
      "id" : 15,
      "name" : "Austria"
    },
    "positions" : [ {
      "position_id" : 2,
      "position" : "Right Back",
      "from" : "01:20:06.019",
      "to" : null,
      "from_period" : 2,
      "to_period" : null,
      "start_reason" : "Substitution - On (Tactical)",
      "end_reason" : "Final Whistle",
      "counterpart_id" : 10404,
      "counterpart_name" : "Noelle Maritz"
    } ],
    "stats" : {
      "own_goals" : 0,
      "goals" : 0,
      "assists" : 0,
      "penalties_scored" : 0,
      "penalties_missed" : 0,
      "penalties_saved" : 0
    }
  }, {
    "player_id" : 49697,
    "player_name" : "Carlotte Wubben-Moy",
    "player_nickname" : null,
    "birth_date" : "1999-01-11",
    "player_gender" : "female",
    "player_height" : 178.0,
    "player_weight" : null,
    "jersey_number" : 3,
    "country" : {
      "id" : 68,
      "name" : "England"
    },
    "positions" : [ {
      "position_id" : 4,
      "position" : "Center Back",
      "from" : "00:00:00.000",
      "to" : "00:45:00.000",
      "from_period" : 1,
      "to_period" : 2,
      "start_reason" : "Starting XI",
      "end_reason" : "Substitution - Off (Tactical)",
      "counterpart_id" : 10405,
      "counterpart_name" : "Lia Wälti"
    } ],
    "stats" : {
      "own_goals" : 0,
      "goals" : 0,
      "assists" : 0,
      "penalties_scored" : 0,
      "penalties_missed" : 0,
      "penalties_saved" : 0
    }
  }, {
    "player_id" : 63788,
    "player_name" : "Victoria Pelova",
    "player_nickname" : null,
    "birth_date" : "1999-06-03",
    "player_gender" : "female",
    "player_height" : 163.0,
    "player_weight" : 50.0,
    "jersey_number" : 21,
    "country" : {
      "id" : 160,
      "name" : "Netherlands"
    },
    "positions" : [ {
      "position_id" : 17,
      "position" : "Right Wing",
      "from" : "00:00:00.000",
      "to" : "00:45:00.000",
      "from_period" : 1,
      "to_period" : 2,
      "start_reason" : "Starting XI",
      "end_reason" : "Tactical Shift"
    }, {
      "position_id" : 16,
      "position" : "Left Midfield",
      "from" : "00:45:00.000",
      "to" : "01:07:58.369",
      "from_period" : 2,
      "to_period" : 2,
      "start_reason" : "Tactical Shift",
      "end_reason" : "Substitution - Off (Tactical)",
      "counterpart_id" : 276443,
      "counterpart_name" : "Kathrine Møller Kühl"
    } ],
    "stats" : {
      "own_goals" : 0,
      "goals" : 0,
      "assists" : 0,
      "penalties_scored" : 0,
      "penalties_missed" : 0,
      "penalties_saved" : 0
    }
  }, {
    "player_id" : 131570,
    "player_name" : "Rafaelle Leone Carvalho Souza",
    "player_nickname" : null,
    "birth_date" : "1991-06-18",
    "player_gender" : "female",
    "player_height" : 176.0,
    "player_weight" : 67.0,
    "jersey_number" : 2,
    "country" : {
      "id" : 31,
      "name" : "Brazil"
    },
    "positions" : [ {
      "position_id" : 5,
      "position" : "Left Center Back",
      "from" : "00:00:00.000",
      "to" : null,
      "from_period" : 1,
      "to_period" : null,
      "start_reason" : "Starting XI",
      "end_reason" : "Final Whistle"
    } ],
    "stats" : {
      "own_goals" : 0,
      "goals" : 1,
      "assists" : 0,
      "penalties_scored" : 0,
      "penalties_missed" : 0,
      "penalties_saved" : 0
    }
  }, {
    "player_id" : 276443,
    "player_name" : "Kathrine Møller Kühl",
    "player_nickname" : null,
    "birth_date" : "2003-07-05",
    "player_gender" : "female",
    "player_height" : 172.0,
    "player_weight" : null,
    "jersey_number" : 22,
    "country" : {
      "id" : 61,
      "name" : "Denmark"
    },
    "positions" : [ {
      "position_id" : 16,
      "position" : "Left Midfield",
      "from" : "01:07:58.369",
      "to" : null,
      "from_period" : 2,
      "to_period" : null,
      "start_reason" : "Substitution - On (Tactical)",
      "end_reason" : "Final Whistle",
      "counterpart_id" : 63788,
      "counterpart_name" : "Victoria Pelova"
    } ],
    "stats" : {
      "own_goals" : 0,
      "goals" : 0,
      "assists" : 0,
      "penalties_scored" : 0,
      "penalties_missed" : 0,
      "penalties_saved" : 0
    }
  } ],
  "formations" : [ {
    "period" : 1,
    "timestamp" : "00:00:00.000",
    "reason" : "Starting XI",
    "formation" : 343
  }, {
    "period" : 2,
    "timestamp" : "00:45:00.000",
    "reason" : "Tactical Shift",
    "formation" : 442
  } ],
  "events" : [ {
    "period" : 1,
    "timestamp" : "00:00:00.000",
    "type" : "Half Start"
  }, {
    "player_id" : 10237,
    "player_name" : "Manuela Zinsberger",
    "period" : 1,
    "timestamp" : "00:31:06.680",
    "type" : "Goal Keeper",
    "outcome" : "Smother"
  }, {
    "period" : 1,
    "timestamp" : "00:51:05.436",
    "type" : "Half End"
  }, {
    "period" : 2,
    "timestamp" : "00:45:00.000",
    "type" : "Half Start"
  }, {
    "player_id" : 15620,
    "player_name" : "Katie McCabe",
    "period" : 2,
    "timestamp" : "00:56:27.522",
    "type" : "Foul Committed",
    "outcome" : "Yellow Card"
  }, {
    "player_id" : 10237,
    "player_name" : "Manuela Zinsberger",
    "period" : 2,
    "timestamp" : "00:56:35.068",
    "type" : "Goal Keeper",
    "outcome" : "Smother"
  }, {
    "player_id" : 10516,
    "player_name" : "Frida Maanum",
    "period" : 2,
    "timestamp" : "00:58:08.520",
    "type" : "High Pass",
    "outcome" : "Assist"
  }, {
    "player_id" : 131570,
    "player_name" : "Rafaelle Leone Carvalho Souza",
    "period" : 2,
    "timestamp" : "00:58:10.597",
    "type" : "Shot",
    "outcome" : "Goal"
  }, {
    "player_id" : 10404,
    "player_name" : "Noelle Maritz",
    "period" : 2,
    "timestamp" : "01:16:58.446",
    "type" : "Foul Committed",
    "outcome" : "Yellow Card"
  }, {
    "period" : 2,
    "timestamp" : "01:34:54.982",
    "type" : "Half End"
  } ]
} ]